{
    "modelo": "random_forest_balanced",
    "threshold": 0.5,
    "accuracy": 0.9993562960102056,
    "precision": 0.8297872340425532,
    "recall": 0.7905405405405406,
    "f1_score": 0.8096885813148789,
    "roc_auc": 0.9426078886788777,
    "average_precision": 0.8123828742529522,
    "true_negative": 85271,
    "false_positive": 24,
    "false_negative": 31,
    "true_positive": 117,
    "alertas_gerados": 141
}